{"cameraMode":{"drawMode":0,"name":"Shaded","section":"Shading Mode"},"sceneLighting":false,"audioPlay":false,"sceneViewState":{"m_AlwaysRefresh":false,"showFog":true,"showSkybox":false,"showFlares":true,"showImageEffects":true,"showParticleSystems":true,"showVisualEffectGraphs":true,"m_FxEnabled":true},"in2DMode":false,"pivot":{"x":16.187419891357423,"y":6.837535381317139,"z":15.618185043334961},"rotation":{"x":0.054908569902181628,"y":-0.9422844648361206,"z":0.2690274715423584,"w":0.19228218495845796},"size":3.3187317848205568,"orthographic":false}